"Orchestra, Classical, Chamber Music","Opera, Musicals, Broadway","Vocals, Recitals, Choir","Rock and Roll, Blues, Pop, Jazz, Music Festival","Concert, Concert Band",Symphony,"Literature, Lectures, Comedy, Poetry","History Musuem, Sites","Art Musuem, Gallery, Sculpture"
017e6e5a2c96deb69d63cbc11dab5795,16bcf64327887a4b0fdfead1299c5830,16bcf64327887a4b0fdfead1299c5830,08eb65fc32f982ab8666c0a31541a57b,0137b8241bf0f35dae5d0b71cb23bc95,017e6e5a2c96deb69d63cbc11dab5795,60e82555342ee402a572d749edd05de7,08e7241e2e0b7c8f320cf6ff0d0d1a87,08e7241e2e0b7c8f320cf6ff0d0d1a87
16bcf64327887a4b0fdfead1299c5830,e164286be7f8db8460677a3811935d97,3e368f3b194d0917983fa17d755f5b53,45bba0a5ca1079ac42e47289d6ddd065,017e6e5a2c96deb69d63cbc11dab5795,2122b8a4800410b30d6b374c92ffe63d,619676392902d90d2546148bc2d89160,2de1f9c48129be4ba413460da7432d03,0b148b1104c3030f172a35f8c253e520
2122b8a4800410b30d6b374c92ffe63d,3187640fd609e27d6be9a287bd0cd193,3fdb09674ba309ed818343315bad3689,915608b1959b8df2ce9eda359f7f94a6,08eb65fc32f982ab8666c0a31541a57b,3e368f3b194d0917983fa17d755f5b53,61d2128fc8e7acd2c127272b2d14f0cd,44e7c5199ff64925971d8a72b4f3a81d,0f9881e3af45f7426df1adfbc18d1e4b
3e368f3b194d0917983fa17d755f5b53,45bba0a5ca1079ac42e47289d6ddd065,45bba0a5ca1079ac42e47289d6ddd065,93fbdb91dbbb241c706203da7fa4c08b,16bcf64327887a4b0fdfead1299c5830,4f85c5666000d232459501d3046cc8d2,69ec89dee9f1df3a53b7b001e80ab2b8,552a61d001e87eff404716159f62ebdf,2905612047b8f3941191f995e45f7610
4f85c5666000d232459501d3046cc8d2,90d0ce3604ca87a14ccfe45a7b85747b,915608b1959b8df2ce9eda359f7f94a6,c1bc4f9ea142caddf3ecc7c94141f929,3e368f3b194d0917983fa17d755f5b53,706faad6eaa553bf78e3378c0fdece07,73ae2212e0fd6b990cb1b4cf41a35a0b,5ce5274a7fab7f4add86e787cb348845,2b4c1b58a9815fffaa133d9b564a0ef0
6d539aafb2780d321bce5fd33166c09f,a32c0e49f186cfa512cb724b999117c3,d5e0e430491dcdd870c5fabadaed9e5b,915608b1959b8df2ce9eda359f7f94a6,3fdb09674ba309ed818343315bad3689,7ed3b163a7be2a3928f41498f67d40fd,93bf73150a4b90497be9cf718e5cf4d7,68369501de690499927aa7536720c881,315b459b13a89bb1cacd8ebe7d06ea04
706faad6eaa553bf78e3378c0fdece07,a6fdf443f49781963185ba233165c9df,3fdb09674ba309ed818343315bad3689,93fbdb91dbbb241c706203da7fa4c08b,45bba0a5ca1079ac42e47289d6ddd065,90d31e502743ef7ed9cbe36c29ff3e5c,967ef2e976ac6f69a4eab67a85f7c36b,97bfb44cc8f3b1be10054e9da1289f38,34c99f126f9887006d533f0ee291b9ff
7ed3b163a7be2a3928f41498f67d40fd,c12a015a1204c12041e720d01eeb2fac,79cc15b7a4284ebadc705a6f082b8ac0,915608b1959b8df2ce9eda359f7f94a6,6d539aafb2780d321bce5fd33166c09f,918e1663cb07968976fc8392b472dc3e,9ca274b92d9813a99f55190a256b323b,e0baeaca15b0318a1847ff10208015ef,467956a1cf8949d202489048a1067744
8c6b2d4c0ec825ed21fdab54b7ba04e1,c1bc4f9ea142caddf3ecc7c94141f929,b5caa4128218bb5760d554866dbcbdf3,93fbdb91dbbb241c706203da7fa4c08b,706faad6eaa553bf78e3378c0fdece07,93fbdb91dbbb241c706203da7fa4c08b,a6fdf443f49781963185ba233165c9df,fd33b0be7e67ce5b4fcfe08df71ba78d,552a61d001e87eff404716159f62ebdf
918e1663cb07968976fc8392b472dc3e,dd8a94d8330850ae97e83f856a913a2e,ee67507c5df71fd885d5e119391295d7,918e1663cb07968976fc8392b472dc3e,73ae2212e0fd6b990cb1b4cf41a35a0b,a5a2f64e4dec6d84ad420389f8d38366,b4bec6985cfa4928ff1898f34774aa35,68369501de690499927aa7536720c881,56e08a8aa71ad762bc5fc830a6c73738
93fbdb91dbbb241c706203da7fa4c08b,90d0ce3604ca87a14ccfe45a7b85747b,16bcf64327887a4b0fdfead1299c5830,f007f18a404660855aa55b50e984d1b8,7ed3b163a7be2a3928f41498f67d40fd,c2f6b1eaa35b5ed91f43dcb36be23f7b,b9a82986bf8533632c605ccfb03fa235,97bfb44cc8f3b1be10054e9da1289f38,5ce5274a7fab7f4add86e787cb348845
a5a2f64e4dec6d84ad420389f8d38366,c1bc4f9ea142caddf3ecc7c94141f929,3e368f3b194d0917983fa17d755f5b53,3fdb09674ba309ed818343315bad3689,90d31e502743ef7ed9cbe36c29ff3e5c,d0829cc89178b49b1b8b339dc5431077,dfa4be03abf6f76788811614d6179cf6,fd33b0be7e67ce5b4fcfe08df71ba78d,6a44a087e497eda955a5ec1d3e990f25
c2f6b1eaa35b5ed91f43dcb36be23f7b,dd8a94d8330850ae97e83f856a913a2e,c2f6b1eaa35b5ed91f43dcb36be23f7b,,915608b1959b8df2ce9eda359f7f94a6,e029d92344d043416053ada5ac478e2b,e069a624d19665804eb1f3c53ffbadce,,6c868a4d3abc71bf6a0345a6ab75b0ba
ca945271233da699797ea868c0e729a9,,ea959c875274584640c0aa4a66d350c0,,93fbdb91dbbb241c706203da7fa4c08b,ea959c875274584640c0aa4a66d350c0,e32a42e4a857d67720020c793f5afd2a,,6d32685185a7822b35c671fd9f4241b3
d0829cc89178b49b1b8b339dc5431077,,f007f18a404660855aa55b50e984d1b8,,a5a2f64e4dec6d84ad420389f8d38366,ecf5694c3f4ef47ce2447e338222266b,e974e7bfa3510dfc3f52648675c62dbc,,73ae2212e0fd6b990cb1b4cf41a35a0b
e029d92344d043416053ada5ac478e2b,,f798cf945df3c3fd2d8fc1df821e8c1a,,b5caa4128218bb5760d554866dbcbdf3,ee67507c5df71fd885d5e119391295d7,96341d92399aec627cc4a304ddbf0295,,86a7141e350e34a6fd0b0eb4901484d6
ea959c875274584640c0aa4a66d350c0,,,,c2f6b1eaa35b5ed91f43dcb36be23f7b,f007f18a404660855aa55b50e984d1b8,9ca274b92d9813a99f55190a256b323b,,923b3fd971704ae829afdb11ec55113d
ecf5694c3f4ef47ce2447e338222266b,,,,ca945271233da699797ea868c0e729a9,f798cf945df3c3fd2d8fc1df821e8c1a,137948d7a8e312a01c306829244dd104,,9487b28eaaf5f5e5383d8fd56428ecb0
ee67507c5df71fd885d5e119391295d7,,,,d0829cc89178b49b1b8b339dc5431077,,2b4c1b58a9815fffaa133d9b564a0ef0,,9591d7f8b099769d2ecc842df3b329c1
f007f18a404660855aa55b50e984d1b8,,,,e029d92344d043416053ada5ac478e2b,,3ed72b6e68365322dc0f6d18abd3537d,,9648e06df76a864b0be856d2168b6058
f798cf945df3c3fd2d8fc1df821e8c1a,,,,ea959c875274584640c0aa4a66d350c0,,4b7a258e0ca3095bb8a503c698fd41ce,,9a514bbb4d3b12a6f7d9db6cbc3c2199
7ed3b163a7be2a3928f41498f67d40fd,,,,ee67507c5df71fd885d5e119391295d7,,506f9e8444d22cbfa0bef27bc07b9335,,9d1581706ee79192cccd4eef6e7dd4d3
90d31e502743ef7ed9cbe36c29ff3e5c,,,,f007f18a404660855aa55b50e984d1b8,,65a3387cb7b1972aacfadfb15d957338,,a1cadcdefdccfc09ffe9f4b31c6e8678
d0829cc89178b49b1b8b339dc5431077,,,,f798cf945df3c3fd2d8fc1df821e8c1a,,967ef2e976ac6f69a4eab67a85f7c36b,,a32c0e49f186cfa512cb724b999117c3
ea959c875274584640c0aa4a66d350c0,,,,f007f18a404660855aa55b50e984d1b8,,e32a42e4a857d67720020c793f5afd2a,,a6363497296600ae1cd07cd1ba8ccee3
ee67507c5df71fd885d5e119391295d7,,,,,,,,b2d56e82ea4499a1471c9bf6ec3df09c
f007f18a404660855aa55b50e984d1b8,,,,,,,,c150319590daa83b09abbdfc610443f7
f798cf945df3c3fd2d8fc1df821e8c1a,,,,,,,,c7dd8fc74c9cc77e4cda189437761210
0137b8241bf0f35dae5d0b71cb23bc95,,,,,,,,d495c404ec1a9881e865bee1e36dc5e3
3e368f3b194d0917983fa17d755f5b53,,,,,,,,dfb7bb1f28332a200a81933539c437ee
79cc15b7a4284ebadc705a6f082b8ac0,,,,,,,,e069a624d19665804eb1f3c53ffbadce
7ed3b163a7be2a3928f41498f67d40fd,,,,,,,,e215f22586094f30041cf9a41e37610f
d0829cc89178b49b1b8b339dc5431077,,,,,,,,e974e7bfa3510dfc3f52648675c62dbc
ea959c875274584640c0aa4a66d350c0,,,,,,,,eb429ee495a1c2c63e9e5db2743d5b7b
f007f18a404660855aa55b50e984d1b8,,,,,,,,fea5355d669eaeb655610755fe1c0c0e
f798cf945df3c3fd2d8fc1df821e8c1a,,,,,,,,08e7241e2e0b7c8f320cf6ff0d0d1a87
,,,,,,,,137948d7a8e312a01c306829244dd104
,,,,,,,,2b4c1b58a9815fffaa133d9b564a0ef0
,,,,,,,,467956a1cf8949d202489048a1067744
,,,,,,,,6a44a087e497eda955a5ec1d3e990f25
,,,,,,,,86a7141e350e34a6fd0b0eb4901484d6
,,,,,,,,97bfb44cc8f3b1be10054e9da1289f38
,,,,,,,,a6363497296600ae1cd07cd1ba8ccee3
,,,,,,,,b2d56e82ea4499a1471c9bf6ec3df09c
,,,,,,,,c7dd8fc74c9cc77e4cda189437761210
,,,,,,,,86a7141e350e34a6fd0b0eb4901484d6
,,,,,,,,c150319590daa83b09abbdfc610443f7
